gwilliams@yahoo.com,Richard,Slovenia
nhoward@hotmail.com,Donald,Burundi
vanessa89@collins.com,Rachel,Poland
wcastro@yahoo.com,Leslie,Northern Mariana Islands
hramos@brown-sellers.com,Christopher,Tajikistan
salazarmaria@yahoo.com,John,Greece
sallywalker@pratt.com,Christopher,Ghana
turnerkelly@gmail.com,Amy,Suriname
sean96@johnston-roberts.com,Lori,Antigua and Barbuda
rjones@gmail.com,Nancy,Uzbekistan
villanuevasandra@vega.net,Lisa,Thailand
criley@keller-davies.com,Christopher,New Caledonia
vmatthews@sanchez.com,Dave,Cyprus
marvincabrera@gmail.com,Krista,Timor-Leste
montoyacynthia@guzman.com,Catherine,Montserrat
hdavis@jacobs.com,Jennifer,Lesotho
gilesandrew@oliver-huff.com,Jeffrey,Oman
ryan08@yahoo.com,Benjamin,Bolivia
jorgestrong@yahoo.com,Mary,Uruguay
tammybrown@moore.com,Candice,Kenya
