gwilliams@yahoo.com,130,6451,467,89,2022-01-16
nhoward@hotmail.com,86,9965,350,56,2024-02-05
vanessa89@collins.com,116,2501,355,69,2022-12-30
wcastro@yahoo.com,100,4966,198,43,2025-03-10
hramos@brown-sellers.com,84,4059,66,53,2022-06-13
salazarmaria@yahoo.com,120,2131,95,36,2023-01-20
sallywalker@pratt.com,172,3450,69,30,2025-01-07
turnerkelly@gmail.com,174,9857,399,70,2025-05-22
sean96@johnston-roberts.com,167,9594,191,86,2025-04-13
rjones@gmail.com,163,4858,484,47,2021-02-15
villanuevasandra@vega.net,174,7871,346,55,2022-08-22
criley@keller-davies.com,117,9071,388,65,2023-04-20
vmatthews@sanchez.com,70,6313,363,34,2023-07-11
marvincabrera@gmail.com,122,6493,482,44,2020-09-07
montoyacynthia@guzman.com,91,1265,424,54,2020-01-05
hdavis@jacobs.com,74,4612,240,41,2025-01-21
gilesandrew@oliver-huff.com,102,7981,467,27,2021-08-20
ryan08@yahoo.com,72,3397,487,48,2022-11-04
jorgestrong@yahoo.com,65,9752,358,29,2021-05-12
tammybrown@moore.com,63,3038,375,44,2022-01-13
